X,Y,Z,Ex,Ey,Ez
-0.6,0,3,+0.245853+1.03722i,-3.01083e-17-1.27023e-16i,+0.81951+3.4574i
