X,Y,Z,Ex,Ey,Ez
-0.6,0,3,+1.09344-0.345399i,-1.37431e-16+5.0925e-17i,+3.21109-0.383676i
